id,name,email,password,Cpassword
1,shiran levi,shiran@gmail.com,ASsd1234,ASsd1234
2,noam levi,noam@gmail.com,Asdf3444,Asdf3444
3,shahar jebi,shahar@gmail.com,Slopa1996,Slopa1996
4,eyal cohen,eyal@gmail.com,ASDyi90!,ASDyi90!
5,shay cohen,shay@gmail.com,SDGfh567,SDGfh567
